Handle,Title,Body (HTML),Vendor,Product Category,Type,Tags,Published,Option1 Name,Option1 Value,Variant SKU,Variant Grams,Variant Inventory Tracker,Variant Inventory Qty,Variant Inventory Policy,Variant Fulfillment Service,Variant Price,Variant Requires Shipping,Variant Taxable,Image Src,Image Position,SEO Title,SEO Description,Status
premium-banarasi-silk-saree,Premium Banarasi Silk Saree,"<p><strong>Heritage weave, contemporary grace</strong></p>
<p>Handwoven Banarasi silk saree crafted with genuine gold-tone zari embellishment along the borders and ornate pallu. Blends timeless Indian craftsmanship with modern refinement, ideal for weddings, family milestones, and auspicious celebrations.</p>
<h3>Key Features</h3>
<ul>
  <li>Pure mulberry silk foundation</li>
  <li>Authentic Banarasi Kadhwa weave</li>
  <li>Rich zari borders and heavy ornamental pallu</li>
  <li>Silk Mark certified quality assurance</li>
</ul>
<h3>Specifications</h3>
<table>
  <tr><td><strong>Material</strong></td><td>Pure Katan Silk</td></tr>
  <tr><td><strong>Length</strong></td><td>6.5 metres (with blouse)</td></tr>
  <tr><td><strong>Blouse Piece</strong></td><td>Included (0.8m)</td></tr>
  <tr><td><strong>Weave Technique</strong></td><td>Kadhwa Handloom</td></tr>
  <tr><td><strong>Care Instructions</strong></td><td>Dry Clean Only</td></tr>
</table>",BHAYA INDIA,Textiles & Fabrics,Textiles & Fabrics,"textiles-fabrics, sarees, featured, bhaya-india",true,Title,Default Title,BI-TX-001,500,shopify,50,deny,manual,3800,true,true,/assets/category-textiles.jpg,1,Premium Banarasi Silk Saree — Bhaya India,Authentic handwoven Banarasi pure silk saree with zari border. Pan-India delivery from Bhaya India.,active
leather-bound-executive-notebook,Leather-Bound Executive Notebook,"<p><strong>Write your legacy with intention</strong></p>
<p>Handcrafted top-grain leather journal with 200 pages of 90 GSM archival-grade ivory paper. Featuring lay-flat bookbinding, gilded edge accents, and a satin bookmark ribbon. Built for leaders, thinkers, and discerning professionals.</p>
<h3>Key Features</h3>
<ul>
  <li>Supple genuine leather finish that patinas with age</li>
  <li>Zero bleed-through on fountain pens and rollers</li>
  <li>Integrated dual bookmark ribbons</li>
  <li>Custom hot-foil gold monogramming available on bulk orders</li>
</ul>
<h3>Specifications</h3>
<table>
  <tr><td><strong>Cover Material</strong></td><td>Genuine Full-Grain Leather</td></tr>
  <tr><td><strong>Paper</strong></td><td>90 GSM Fountain-pen friendly Ivory</td></tr>
  <tr><td><strong>Page Count</strong></td><td>200 Ruled Pages</td></tr>
  <tr><td><strong>Dimensions</strong></td><td>A5 (148 × 210 mm)</td></tr>
  <tr><td><strong>Binding</strong></td><td>Hand-stitched Lay-flat</td></tr>
</table>",BHAYA INDIA,Stationery & Office,Stationery & Office,"stationery-office, notebooks, featured, new, bhaya-india",true,Title,Default Title,BI-ST-002,500,shopify,50,deny,manual,650,true,true,/assets/category-stationery.jpg,1,Leather-Bound Executive Notebook — Bhaya India,Fine genuine leather notebook with archival paper. Shop luxury office stationery at Bhaya India.,active
royal-heritage-festival-hamper,Royal Heritage Festival Hamper,"<p><strong>Thoughtful gifting made effortless</strong></p>
<p>An opulent gift trunk handcrafted in wooden casing with gold-embossed faux leather trim. Includes artisanal saffron treats, stone-ground dry fruits, pure brass incense holder, hand-poured soy candle, and personalized greeting scroll.</p>
<h3>Key Features</h3>
<ul>
  <li>Curated assortment of premium dry fruits and sweets</li>
  <li>Brass handcrafted artifact for lasting keepsake</li>
  <li>Custom foil-stamped corporate company ribbon option</li>
  <li>Express temperature-controlled shipping</li>
</ul>
<h3>Specifications</h3>
<table>
  <tr><td><strong>Trunk Dimensions</strong></td><td>32 × 24 × 12 cm</td></tr>
  <tr><td><strong>Trunk Material</strong></td><td>Textured Vegan Leather & Brass Clasps</td></tr>
  <tr><td><strong>Shelf Life</strong></td><td>6 Months for Food Items</td></tr>
  <tr><td><strong>Packaging</strong></td><td>Individual air-sealed containers</td></tr>
</table>",BHAYA INDIA,Gift Hampers,Gift Hampers,"gift-hampers, festival-hampers, featured, new, bhaya-india",true,Title,Default Title,BI-GH-003,500,shopify,50,deny,manual,2450,true,true,/assets/hero-editorial.jpg,1,Royal Heritage Festival Hamper — Bhaya India,Luxury corporate and festive gifting hampers by Bhaya India. Nationwide delivery.,active
handcrafted-brass-urli-bowl,Handcrafted Brass Urli Bowl,"<p><strong>Spiritual serenity in pure metal</strong></p>
<p>Traditional bell-metal brass urli bowl hand-beaten by hereditary artisans. Perfectly sized for floating flower petals, aromatic water, and tealights at the entrance of homes and luxury office receptions.</p>
<h3>Key Features</h3>
<ul>
  <li>Hand-carved floral edge filigree</li>
  <li>Heavy stable base prevents tipping</li>
  <li>Coated with natural tarnish-resistant lacquer</li>
</ul>
<h3>Specifications</h3>
<table>
  <tr><td><strong>Metal</strong></td><td>Virgin Cast Brass (85% Copper, 15% Zinc)</td></tr>
  <tr><td><strong>Diameter</strong></td><td>12 inches (30 cm)</td></tr>
  <tr><td><strong>Weight</strong></td><td>2.1 kg</td></tr>
  <tr><td><strong>Finish</strong></td><td>Traditional Antique Gold Polish</td></tr>
</table>",BHAYA INDIA,Home & Living,Home & Living,"home-living, brass-decor, featured, bhaya-india",true,Title,Default Title,BI-HL-004,500,shopify,50,deny,manual,1850,true,true,/assets/hero-editorial.jpg,1,Handcrafted Brass Urli Bowl — Bhaya India Home,Pure brass hand-carved urli bowl for floating flowers. Buy authentic home decor at Bhaya India.,active
chanderi-silk-cotton-dupatta,Chanderi Silk Cotton Dupatta,"<p><strong>Breezy elegance woven with grace</strong></p>
<p>Lightweight authentic Chanderi fabric combining raw silk warp with fine combed cotton weft. Embellished with delicate hand-block gold motifs (boota) and sheer pallu detailing.</p>
<h3>Key Features</h3>
<ul>
  <li>Authentic Madhya Pradesh Chanderi cluster weave</li>
  <li>Zari tissue borders</li>
  <li>Subtle shimmer in natural daylight</li>
</ul>
<h3>Specifications</h3>
<table>
  <tr><td><strong>Composition</strong></td><td>70% Cotton, 30% Silk</td></tr>
  <tr><td><strong>Length</strong></td><td>2.5 metres</td></tr>
  <tr><td><strong>Width</strong></td><td>36 inches</td></tr>
  <tr><td><strong>Care</strong></td><td>Gentle Hand Wash or Dry Clean</td></tr>
</table>",BHAYA INDIA,Textiles & Fabrics,Textiles & Fabrics,"textiles-fabrics, silk-dupattas, bhaya-india",true,Title,Default Title,BI-TX-005,500,shopify,50,deny,manual,1250,true,true,/assets/category-textiles.jpg,1,Chanderi Silk Cotton Dupatta — Bhaya India,Authentic handwoven Chanderi dupatta with gold boota motifs. Bhaya India textiles.,active
institutional-bulk-uniform-fabric,Institutional Bulk Uniform Fabric,"<p><strong>Industrial durability meets comfort</strong></p>
<p>High-density poly-viscose and combed cotton blended textiles tailored for institutional uniforms, corporate workforce attire, and hospitality garments. Available in roll bolts of 50m to 500m.</p>
<h3>Key Features</h3>
<ul>
  <li>Wrinkle-resistant and sweat-wicking breathability</li>
  <li>Tested for 100+ commercial wash cycles</li>
  <li>Custom Pantone dyeing available for 500m+ orders</li>
</ul>
<h3>Specifications</h3>
<table>
  <tr><td><strong>Blend</strong></td><td>65% Poly, 35% Viscose</td></tr>
  <tr><td><strong>GSM</strong></td><td>210 GSM</td></tr>
  <tr><td><strong>Bolt Width</strong></td><td>58 inches (147 cm)</td></tr>
  <tr><td><strong>Colour Fastness</strong></td><td>Grade 4.5 Certified</td></tr>
</table>",BHAYA INDIA,Wholesale & Bulk,Wholesale & Bulk,"wholesale-bulk, institutional-textiles, bhaya-india",true,Title,Default Title,BI-WB-006,500,shopify,50,deny,manual,0,true,true,/assets/category-textiles.jpg,1,Institutional Bulk Uniform Fabric — Bhaya India Wholesale,Commercial and institutional uniform textiles in bulk rolls. Request quotation from Bhaya India.,active